ID;X;Y;Demand
0;25.660036204803202;-9.793401143395261;0
1;80.0116438311309;-55.493542807653306;12
2;13.43995293554714;-63.72920073409609;7
3;21.501642921609672;22.994350838434556;3
4;-84.92846234327493;27.94190072234295;18
5;0.882853074002881;65.46091201427188;6
6;50.28509834038314;-41.279385748935304;18
7;79.93838665903831;73.43348933810242;7
8;80.67644376349398;-90.10098386140174;20
9;69.97029100232044;-94.43708972292058;8
10;70.67175084520386;-87.37698487045895;16
